Fecha,Muertes,IncrementoMuertes,CasosPCR_Salud,IncCasosPCR_Salud,CasosSaludNuevo,IncCasosSaludNuevo,HospitCOV19,CamasICU,CamasICU_disp,Ventiladores,MuertesSalud,IncMueSalud,VacDoses,VacAdm,N1MoreDoses,N2Doses
3/12/20,0,0,NA,NA,2,2,NA,NA,NA,NA,0,0,NA,NA,NA,NA
3/13/20,0,0,NA,NA,5,3,NA,NA,NA,NA,0,0,NA,NA,NA,NA
3/14/20,0,0,NA,NA,8,3,NA,NA,NA,NA,0,0,NA,NA,NA,NA
3/15/20,0,0,NA,NA,8,0,NA,NA,NA,NA,0,0,NA,NA,NA,NA
3/16/20,0,0,NA,NA,17,9,NA,NA,NA,NA,0,0,NA,NA,NA,NA
3/17/20,0,0,NA,NA,24,7,NA,NA,NA,NA,1,1,NA,NA,NA,NA
3/18/20,0,0,NA,NA,30,6,NA,NA,NA,NA,1,0,NA,NA,NA,NA
3/19/20,0,0,NA,NA,35,5,NA,NA,NA,NA,1,0,NA,NA,NA,NA
3/20/20,0,0,NA,NA,49,14,NA,NA,NA,NA,1,0,NA,NA,NA,NA
3/21/20,0,0,NA,NA,61,12,NA,NA,NA,NA,3,2,NA,NA,NA,NA
3/22/20,1,1,NA,NA,71,10,NA,NA,NA,NA,4,1,NA,NA,NA,NA
3/23/20,1,0,NA,NA,105,34,NA,NA,NA,NA,6,2,NA,NA,NA,NA
3/24/20,2,1,NA,NA,153,48,NA,NA,NA,NA,7,1,NA,NA,NA,NA
3/25/20,2,0,NA,NA,196,43,NA,NA,NA,NA,7,0,NA,NA,NA,NA
3/26/20,3,1,NA,NA,256,60,NA,NA,NA,NA,10,3,NA,NA,NA,NA
3/27/20,3,0,NA,NA,305,49,NA,NA,NA,NA,12,2,NA,NA,NA,NA
3/28/20,5,2,NA,NA,329,24,NA,NA,NA,NA,15,3,NA,NA,NA,NA
3/29/20,6,1,NA,NA,341,12,NA,NA,NA,NA,18,3,NA,NA,NA,NA
3/30/20,8,2,NA,NA,428,87,NA,NA,NA,NA,21,3,NA,NA,NA,NA
3/31/20,11,3,NA,NA,485,57,NA,NA,NA,NA,22,1,NA,NA,NA,NA
4/1/20,12,1,NA,NA,559,74,NA,NA,NA,NA,24,2,NA,NA,NA,NA
4/2/20,15,3,NA,NA,611,52,NA,NA,NA,NA,24,0,NA,NA,NA,NA
4/3/20,18,3,NA,NA,661,50,NA,NA,NA,NA,29,5,NA,NA,NA,NA
4/4/20,20,2,NA,NA,676,15,NA,NA,NA,NA,33,4,NA,NA,NA,NA
4/5/20,21,1,NA,NA,679,3,NA,NA,NA,NA,35,2,NA,NA,NA,NA
4/6/20,23,2,NA,NA,728,49,NA,NA,NA,NA,38,3,NA,NA,NA,NA
4/7/20,24,1,NA,NA,762,34,NA,NA,NA,NA,41,3,NA,NA,NA,NA
4/8/20,33,9,NA,NA,789,27,NA,19,NA,16,44,3,NA,NA,NA,NA
4/9/20,39,6,NA,NA,823,34,NA,25,NA,20,48,4,NA,NA,NA,NA
4/10/20,42,3,NA,NA,826,3,NA,29,NA,30,54,6,NA,NA,NA,NA
4/11/20,44,2,NA,NA,838,12,NA,45,NA,35,57,3,NA,NA,NA,NA
4/12/20,45,1,NA,NA,842,4,NA,41,NA,38,57,0,NA,NA,NA,NA
4/13/20,45,0,NA,NA,869,27,NA,52,NA,43,63,6,NA,NA,NA,NA
4/14/20,51,6,NA,NA,893,24,NA,31,NA,27,66,3,NA,NA,NA,NA
4/15/20,56,5,NA,NA,925,32,NA,45,NA,27,70,4,NA,NA,NA,NA
4/16/20,58,2,NA,NA,951,26,163,36,NA,24,74,4,NA,NA,NA,NA
4/17/20,60,2,NA,NA,973,22,165,44,NA,18,76,2,NA,NA,NA,NA
4/18/20,62,2,NA,NA,982,9,168,43,NA,16,78,2,NA,NA,NA,NA
4/19/20,63,1,NA,NA,984,2,157,26,NA,22,81,3,NA,NA,NA,NA
4/20/20,64,1,NA,NA,1005,21,125,33,NA,28,82,1,NA,NA,NA,NA
4/21/20,67,3,NA,NA,1025,20,145,28,NA,25,87,5,NA,NA,NA,NA
4/22/20,69,2,846,NA,1052,27,157,33,NA,24,91,4,NA,NA,NA,NA
4/23/20,77,8,871,25,1069,17,173,28,NA,24,93,2,NA,NA,NA,NA
4/24/20,83,6,878,7,1086,17,180,33,NA,18,96,3,NA,NA,NA,NA
4/25/20,84,1,891,13,1087,1,165,24,NA,20,97,1,NA,NA,NA,NA
4/26/20,84,0,895,4,1090,3,166,24,NA,17,102,5,NA,NA,NA,NA
4/27/20,86,2,898,3,1106,16,161,23,NA,16,102,0,NA,NA,NA,NA
4/28/20,86,0,904,6,1123,17,177,20,NA,14,104,2,NA,NA,NA,NA
4/29/20,92,6,955,51,1142,19,201,25,NA,13,104,0,NA,NA,NA,NA
4/30/20,94,2,964,9,1163,21,200,26,NA,22,105,1,NA,NA,NA,NA
5/1/20,95,1,973,9,1173,10,187,22,NA,20,108,3,NA,NA,NA,NA
5/2/20,97,2,988,15,1179,6,171,24,NA,10,112,4,NA,NA,NA,NA
5/3/20,97,0,1001,13,1182,3,152,21,NA,19,114,2,NA,NA,NA,NA
5/4/20,99,2,1005,4,1189,7,140,16,NA,8,117,3,NA,NA,NA,NA
5/5/20,99,0,1006,1,1213,24,144,17,NA,9,119,2,NA,NA,NA,NA
5/6/20,102,3,1013,7,1232,19,164,18,NA,14,120,1,NA,NA,NA,NA
5/7/20,107,5,1029,16,1248,16,161,18,NA,10,122,2,NA,NA,NA,NA
5/8/20,108,1,1034,5,1273,25,148,10,NA,7,122,0,NA,NA,NA,NA
5/9/20,111,3,1040,6,1277,4,143,14,NA,4,122,0,NA,NA,NA,NA
5/10/20,113,2,1054,14,1277,0,159,20,NA,5,124,2,NA,NA,NA,NA
5/11/20,114,1,1062,8,1293,16,127,16,NA,5,124,0,NA,NA,NA,NA
5/12/20,115,1,1064,2,1310,17,152,10,NA,6,124,0,NA,NA,NA,NA
5/13/20,117,2,1073,9,1320,10,159,18,NA,5,125,1,NA,NA,NA,NA
5/14/20,122,5,1088,15,1329,9,147,18,NA,3,125,0,NA,NA,NA,NA
5/15/20,122,0,1114,26,1340,11,144,15,NA,5,126,1,NA,NA,NA,NA
5/16/20,123,1,1147,33,1342,2,150,24,NA,5,127,1,NA,NA,NA,NA
5/17/20,124,1,1195,48,1344,2,147,17,NA,4,128,1,NA,NA,NA,NA
5/18/20,124,0,1206,11,1351,7,121,20,NA,7,129,1,NA,NA,NA,NA
5/19/20,125,1,1206,0,1359,8,110,13,NA,5,131,2,NA,NA,NA,NA
5/20/20,126,1,1213,7,1373,14,114,13,NA,7,133,2,NA,NA,NA,NA
5/21/20,126,0,1221,8,1378,5,96,12,NA,6,134,1,NA,NA,NA,NA
5/22/20,127,1,1230,9,1387,9,106,14,NA,5,135,1,NA,NA,NA,NA
5/23/20,127,0,1230,0,1390,3,106,13,NA,7,136,1,NA,NA,NA,NA
5/24/20,129,2,1240,10,1392,2,112,16,NA,8,136,0,NA,NA,NA,NA
5/25/20,129,0,1241,1,1397,5,104,14,NA,4,136,0,NA,NA,NA,NA
5/26/20,129,0,1260,19,1403,6,105,8,NA,4,137,1,NA,NA,NA,NA
5/27/20,131,2,1280,20,1411,8,120,12,NA,5,139,2,NA,NA,NA,NA
5/28/20,132,1,1293,13,1430,19,101,12,NA,5,140,1,NA,NA,NA,NA
5/29/20,133,1,1300,7,1459,29,106,6,NA,5,140,0,NA,NA,NA,NA
5/30/20,136,3,1304,4,1461,2,99,9,NA,1,142,2,NA,NA,NA,NA
5/31/20,136,0,1304,0,1462,1,99,9,NA,4,143,1,NA,NA,NA,NA
6/1/20,138,2,1305,1,1488,26,106,17,NA,10,145,2,NA,NA,NA,NA
6/2/20,140,2,1313,8,1505,17,107,12,NA,7,145,0,NA,NA,NA,NA
6/3/20,140,0,1322,9,1514,9,114,15,NA,9,145,0,NA,NA,NA,NA
6/4/20,141,1,1330,8,1525,11,116,9,NA,7,147,2,NA,NA,NA,NA
6/5/20,142,1,1360,30,1535,10,100,7,NA,4,147,0,NA,NA,NA,NA
6/6/20,142,0,1364,4,1540,5,105,6,NA,7,148,1,NA,NA,NA,NA
6/7/20,142,0,1373,9,1542,2,107,8,NA,7,149,1,NA,NA,NA,NA
6/8/20,142,0,1386,13,1554,12,95,9,NA,6,151,2,NA,NA,NA,NA
6/9/20,143,1,1402,16,1566,12,97,8,NA,5,151,0,NA,NA,NA,NA
6/10/20,144,1,1403,1,1580,14,91,7,NA,4,151,0,NA,NA,NA,NA
6/11/20,146,2,1443,40,1592,12,92,3,NA,4,152,1,NA,NA,NA,NA
6/12/20,146,0,1460,17,1609,17,117,4,NA,3,152,0,NA,NA,NA,NA
6/13/20,147,1,1471,11,1621,12,110,6,NA,2,152,0,NA,NA,NA,NA
6/14/20,147,0,1477,6,1628,7,104,8,NA,2,152,0,NA,NA,NA,NA
6/15/20,147,0,1479,2,1645,17,94,9,NA,1,153,1,NA,NA,NA,NA
6/16/20,147,0,1486,7,1666,21,78,8,NA,1,153,0,NA,NA,NA,NA
6/17/20,147,0,1496,10,1681,15,73,9,NA,5,153,0,NA,NA,NA,NA
6/18/20,147,0,1499,3,1702,21,78,7,NA,3,154,1,NA,NA,NA,NA
6/19/20,147,0,1531,32,1717,15,83,10,NA,4,154,0,NA,NA,NA,NA
6/20/20,149,2,1533,2,1721,4,71,13,NA,5,155,1,NA,NA,NA,NA
6/21/20,149,0,1540,7,1721,0,70,10,NA,3,155,0,NA,NA,NA,NA
6/22/20,149,0,1550,10,1748,27,77,9,NA,2,155,0,NA,NA,NA,NA
6/23/20,149,0,1577,27,1792,44,80,9,NA,2,155,0,NA,NA,NA,NA
6/24/20,151,2,1579,2,1823,31,85,12,NA,4,155,0,NA,NA,NA,NA
6/25/20,151,0,1583,4,1872,49,89,9,NA,7,155,0,NA,NA,NA,NA
6/26/20,152,1,1602,19,1917,45,105,10,NA,5,156,1,NA,NA,NA,NA
6/27/20,153,1,1624,22,1932,15,99,8,NA,5,157,1,NA,NA,NA,NA
6/28/20,153,0,1638,14,1935,3,104,8,NA,1,157,0,NA,NA,NA,NA
6/29/20,153,0,1693,55,2020,85,102,9,NA,2,158,1,NA,NA,NA,NA
6/30/20,153,0,1729,36,2109,89,121,7,NA,3,159,1,NA,NA,NA,NA
7/1/20,153,0,1767,38,2189,80,97,8,NA,3,159,0,NA,NA,NA,NA
7/2/20,154,1,1791,24,2308,119,104,11,NA,6,160,1,NA,NA,NA,NA
7/3/20,155,1,1817,26,2452,144,100,8,NA,4,161,1,NA,NA,NA,NA
7/4/20,155,0,1846,29,2466,14,118,9,NA,5,162,1,NA,NA,NA,NA
7/5/20,155,0,2071,225,2481,15,115,18,NA,11,163,1,NA,NA,NA,NA
7/6/20,157,2,2147,76,2676,195,122,19,NA,7,165,2,NA,NA,NA,NA
7/7/20,159,2,2171,24,2920,244,127,9,NA,10,168,3,NA,NA,NA,NA
7/8/20,159,0,2235,64,3132,212,147,11,NA,7,170,2,NA,NA,NA,NA
7/9/20,159,0,2351,116,3372,240,140,12,NA,10,171,1,NA,NA,NA,NA
7/10/20,167,8,2435,84,3696,324,174,12,NA,7,174,3,NA,NA,NA,NA
7/11/20,167,0,2583,148,3827,131,174,12,NA,11,176,2,NA,NA,NA,NA
7/12/20,167,0,2811,228,3875,48,159,15,NA,8,178,2,NA,NA,NA,NA
7/13/20,169,2,2904,93,4329,454,206,14,NA,9,183,5,NA,NA,NA,NA
7/14/20,171,2,3043,139,4696,367,254,18,NA,11,183,0,NA,NA,NA,NA
7/15/20,172,1,3119,76,5119,423,280,25,NA,14,184,1,NA,NA,NA,NA
7/16/20,177,5,3272,153,5458,339,302,34,NA,27,188,4,NA,NA,NA,NA
7/17/20,178,1,3461,189,5744,286,316,29,NA,25,190,2,NA,NA,NA,NA
7/18/20,178,0,3791,330,5841,97,315,26,NA,18,192,2,NA,NA,NA,NA
7/19/20,180,2,4011,220,5905,64,336,31,NA,20,193,1,NA,NA,NA,NA
7/20/20,180,0,4255,244,6226,321,375,40,NA,24,199,6,NA,NA,NA,NA
7/21/20,185,5,4330,75,6522,296,415,49,NA,31,202,3,NA,NA,NA,NA
7/22/20,188,3,4574,244,6828,306,442,56,NA,40,205,3,NA,NA,NA,NA
7/23/20,191,3,4794,220,7132,304,460,58,NA,31,210,5,NA,NA,NA,NA
7/24/20,201,10,5042,248,7405,273,496,57,NA,35,216,6,NA,NA,NA,NA
7/25/20,201,0,5236,194,7478,73,496,61,NA,34,221,5,NA,NA,NA,NA
7/26/20,201,0,5416,180,7534,56,509,66,NA,37,223,2,NA,NA,NA,NA
7/27/20,209,8,5585,169,7844,310,469,66,NA,37,231,8,NA,NA,NA,NA
7/28/20,211,2,5700,115,8137,293,495,66,NA,37,243,12,NA,NA,NA,NA
7/29/20,214,3,5920,220,8389,252,504,63,NA,40,249,6,NA,NA,NA,NA
7/30/20,219,5,5997,77,8479,90,488,62,NA,38,256,7,NA,NA,NA,NA
7/31/20,225,6,6543,546,8847,368,508,65,NA,41,262,6,NA,NA,NA,NA
8/1/20,230,5,6835,292,8969,122,506,64,NA,46,267,5,NA,NA,NA,NA
8/2/20,230,0,7113,278,9012,43,533,66,NA,51,277,10,NA,NA,NA,NA
8/3/20,237,7,7413,300,9428,416,509,75,NA,56,283,6,NA,NA,NA,NA
8/4/20,246,9,7684,271,9901,473,507,73,NA,54,290,7,NA,NA,NA,NA
8/5/20,258,12,7824,140,10293,392,456,76,NA,53,296,6,NA,NA,NA,NA
8/6/20,265,7,8230,406,10673,380,440,73,NA,58,303,7,NA,NA,NA,NA
8/7/20,274,9,8573,343,11131,458,399,77,NA,54,305,2,NA,NA,NA,NA
8/8/20,279,5,8934,361,11297,166,424,79,NA,53,309,4,NA,NA,NA,NA
8/9/20,279,0,9319,385,11337,40,423,77,NA,50,319,10,NA,NA,NA,NA
8/10/20,287,8,9605,286,11759,422,439,80,NA,62,333,14,NA,NA,NA,NA
8/11/20,295,8,10169,564,12191,432,447,75,NA,57,343,10,NA,NA,NA,NA
8/12/20,306,11,10279,110,12632,441,466,80,NA,57,352,9,NA,NA,NA,NA
8/13/20,317,11,10730,451,13013,381,428,70,NA,49,361,9,NA,NA,NA,NA
8/14/20,329,12,11069,339,13444,431,406,66,NA,46,375,14,NA,NA,NA,NA
8/15/20,335,6,11251,182,13633,189,393,64,NA,48,382,7,NA,NA,NA,NA
8/16/20,335,0,11723,472,13660,27,400,55,NA,44,390,8,NA,NA,NA,NA
8/17/20,346,11,12371,648,14073,413,392,62,NA,45,400,10,NA,NA,NA,NA
8/18/20,356,10,12452,81,14395,322,361,58,NA,39,408,8,NA,NA,NA,NA
8/19/20,367,11,12576,124,14821,426,390,57,NA,37,415,7,NA,NA,NA,NA
8/20/20,374,7,13014,438,15136,315,392,65,NA,42,421,6,NA,NA,NA,NA
8/21/20,381,7,13282,268,15417,281,401,67,NA,41,427,6,NA,NA,NA,NA
8/22/20,390,9,13477,195,15447,30,370,66,NA,36,432,5,NA,NA,NA,NA
8/23/20,390,0,13922,445,15486,39,363,71,NA,42,437,5,NA,NA,NA,NA
8/24/20,395,5,13992,70,15809,323,391,67,NA,43,442,5,NA,NA,NA,NA
8/25/20,404,9,14010,18,16098,289,397,62,NA,44,448,6,NA,NA,NA,NA
8/26/20,412,8,14469,459,16314,216,403,74,NA,41,454,6,NA,NA,NA,NA
8/27/20,424,12,14726,257,16528,214,409,72,NA,51,458,4,NA,NA,NA,NA
8/28/20,428,4,14986,260,16732,204,365,65,NA,44,459,1,NA,NA,NA,NA
8/29/20,434,6,15229,243,16821,89,365,63,NA,46,461,2,NA,NA,NA,NA
8/30/20,434,0,15476,247,16846,25,383,65,NA,50,466,5,NA,NA,NA,NA
8/31/20,435,1,15584,108,17100,254,392,71,NA,51,474,8,NA,NA,NA,NA
9/1/20,443,8,15942,358,17369,269,373,71,NA,53,484,10,NA,NA,NA,NA
9/2/20,448,5,16069,127,17647,278,349,73,NA,57,488,4,NA,NA,NA,NA
9/3/20,455,7,16101,32,17960,313,382,78,NA,60,497,9,NA,NA,NA,NA
9/4/20,464,9,16243,142,18223,263,369,76,NA,67,504,7,NA,NA,NA,NA
9/5/20,477,13,16269,26,18323,100,377,73,NA,67,516,12,NA,NA,NA,NA
9/6/20,477,0,16692,423,18357,34,372,81,NA,72,525,9,NA,NA,NA,NA
9/7/20,482,5,16788,96,18463,106,380,80,NA,66,533,8,NA,NA,NA,NA
9/8/20,500,18,16789,1,18843,380,400,70,NA,56,544,11,NA,NA,NA,NA
9/9/20,512,12,17248,459,19293,450,421,69,NA,57,555,11,NA,NA,NA,NA
9/10/20,523,11,17357,109,19911,618,401,67,NA,52,564,9,NA,NA,NA,NA
9/11/20,535,12,17598,241,20466,555,420,70,NA,54,578,14,NA,NA,NA,NA
9/12/20,539,4,17769,171,20618,152,396,66,NA,50,586,8,NA,NA,NA,NA
9/13/20,542,3,17977,208,20652,34,414,62,NA,37,600,14,NA,NA,NA,NA
9/14/20,551,9,18206,229,21135,483,408,64,NA,43,610,10,NA,NA,NA,NA
9/15/20,570,19,18252,46,21547,412,434,67,NA,39,617,7,NA,NA,NA,NA
9/16/20,588,18,18634,382,22242,695,444,67,NA,40,622,5,NA,NA,NA,NA
9/17/20,599,11,19113,479,22775,533,435,69,NA,40,625,3,NA,NA,NA,NA
9/18/20,605,6,19807,694,23210,435,403,60,NA,38,631,6,NA,NA,NA,NA
9/19/20,608,3,20069,262,23346,136,384,63,NA,42,634,3,NA,NA,NA,NA
9/20/20,609,1,20311,242,23379,33,386,62,229,40,642,8,NA,NA,NA,NA
9/21/20,613,4,20399,88,23746,367,369,62,229,41,649,7,NA,NA,NA,NA
9/22/20,617,4,20439,40,24115,369,376,62,206,35,652,3,NA,NA,NA,NA
9/23/20,627,10,21156,717,24444,329,364,64,195,32,663,11,NA,NA,NA,NA
9/24/20,635,8,21868,712,24785,341,376,66,208,27,669,6,NA,NA,NA,NA
9/25/20,642,7,22164,296,25095,310,342,58,188,32,676,7,NA,NA,NA,NA
9/26/20,644,2,22697,533,25222,127,349,64,191,37,680,4,NA,NA,NA,NA
9/27/20,648,4,23357,660,25248,26,339,68,192,37,690,10,NA,NA,NA,NA
9/28/20,654,6,23801,444,25576,328,353,67,191,32,696,6,NA,NA,NA,NA
9/29/20,661,7,24000,199,25911,335,327,61,191,38,707,11,NA,NA,NA,NA
9/30/20,665,4,24176,176,26231,320,316,58,186,37,714,7,NA,NA,NA,NA
10/1/20,673,8,24505,329,26573,342,339,58,194,37,722,8,NA,NA,NA,NA
10/2/20,681,8,24805,300,26915,342,348,56,199,30,724,2,NA,NA,NA,NA
10/3/20,686,5,25034,229,27056,141,319,48,218,40,730,6,NA,NA,NA,NA
10/4/20,695,9,25397,363,27092,36,321,55,219,40,734,4,NA,NA,NA,NA
10/5/20,696,1,25635,238,27491,399,322,60,206,32,739,5,NA,NA,NA,NA
10/6/20,705,9,25658,23,27903,412,325,50,208,35,750,11,NA,NA,NA,NA
10/7/20,715,10,26010,352,28352,449,315,48,195,26,757,7,NA,NA,NA,NA
10/8/20,720,5,26326,316,28849,497,354,54,212,28,760,3,NA,NA,NA,NA
10/9/20,728,8,26558,232,29294,445,347,53,205,30,764,4,NA,NA,NA,NA
10/10/20,730,2,26776,218,29497,203,324,49,189,33,772,8,NA,NA,NA,NA
10/11/20,735,5,27004,228,29524,27,314,52,184,35,779,7,NA,NA,NA,NA
10/12/20,738,3,27139,135,29815,291,303,52,194,33,787,8,NA,NA,NA,NA
10/13/20,742,4,27692,553,30311,496,343,51,178,36,793,6,NA,NA,NA,NA
10/14/20,743,1,27947,255,30866,555,354,60,179,36,799,6,NA,NA,NA,NA
10/15/20,758,15,28174,227,31324,458,341,62,165,34,805,6,NA,NA,NA,NA
10/16/20,761,3,28293,119,31845,521,317,54,174,38,811,6,NA,NA,NA,NA
10/17/20,766,5,28711,418,32095,250,292,56,184,37,812,1,NA,NA,NA,NA
10/18/20,768,2,29138,427,32139,44,327,61,182,39,815,3,NA,NA,NA,NA
10/19/20,769,1,29585,447,32676,537,378,58,188,36,822,7,NA,NA,NA,NA
10/20/20,774,5,29717,132,33220,544,378,59,180,43,827,5,NA,NA,NA,NA
10/21/20,783,9,29804,87,33789,569,395,50,191,42,837,10,NA,NA,NA,NA
10/22/20,791,8,30956,1152,34428,639,381,48,183,38,840,3,NA,NA,NA,NA
10/23/20,794,3,31072,116,35036,608,395,57,168,42,844,4,NA,NA,NA,NA
10/24/20,801,7,31737,665,35345,309,370,57,190,45,850,6,NA,NA,NA,NA
10/25/20,804,3,32198,461,35397,52,356,55,183,44,853,3,NA,NA,NA,NA
10/26/20,808,4,32461,263,36107,710,395,56,186,37,857,4,NA,NA,NA,NA
10/27/20,813,5,32527,66,36765,658,434,57,190,36,859,2,NA,NA,NA,NA
10/28/20,814,1,33279,752,37491,726,425,60,197,38,867,8,NA,NA,NA,NA
10/29/20,820,6,33853,574,38145,654,453,58,195,38,876,9,NA,NA,NA,NA
10/30/20,822,2,34138,285,38887,742,430,60,214,39,881,5,NA,NA,NA,NA
10/31/20,832,10,34541,403,39206,319,429,61,220,43,889,8,NA,NA,NA,NA
11/1/20,839,7,35405,864,39281,75,443,68,226,51,894,5,NA,NA,NA,NA
11/2/20,842,3,35750,345,40062,781,421,63,234,48,896,2,NA,NA,NA,NA
11/3/20,850,8,35807,57,40173,111,459,60,209,46,908,12,NA,NA,NA,NA
11/4/20,855,5,36101,294,41129,956,483,60,231,40,920,12,NA,NA,NA,NA
11/5/20,862,7,36904,803,42145,1016,518,68,229,42,930,10,NA,NA,NA,NA
11/6/20,862,0,37490,586,43068,923,526,69,245,49,939,9,NA,NA,NA,NA
11/7/20,872,10,37999,509,43404,336,518,65,238,52,943,4,NA,NA,NA,NA
11/8/20,882,10,38474,475,43517,113,544,70,240,59,954,11,NA,NA,NA,NA
11/9/20,889,7,38681,207,44551,1034,538,75,233,52,965,11,NA,NA,NA,NA
11/10/20,901,12,38799,118,45435,884,556,72,201,58,972,7,NA,NA,NA,NA
11/11/20,909,8,39968,1169,46172,737,566,76,205,59,979,7,NA,NA,NA,NA
11/12/20,914,5,40574,606,47092,920,559,77,213,59,990,11,NA,NA,NA,NA
11/13/20,921,7,41174,600,48029,937,539,79,204,62,1000,10,NA,NA,NA,NA
11/14/20,935,14,41798,624,48441,412,515,90,208,66,1013,13,NA,NA,NA,NA
11/15/20,942,7,42279,481,48570,129,533,83,197,66,1034,21,NA,NA,NA,NA
11/16/20,951,9,42790,511,49697,1127,568,85,256,70,1048,14,NA,NA,NA,NA
11/17/20,971,20,43031,241,50882,1185,557,85,199,73,1056,8,NA,NA,NA,NA
11/18/20,982,11,43403,372,52034,1152,573,91,189,78,1068,12,NA,NA,NA,NA
11/19/20,991,9,44277,874,52862,828,614,98,185,98,1074,6,NA,NA,NA,NA
11/20/20,1012,21,45268,991,53848,986,621,98,186,99,1091,17,NA,NA,NA,NA
11/21/20,1017,5,46235,967,54279,431,606,97,193,96,1098,7,NA,NA,NA,NA
11/22/20,1032,15,46923,688,54401,122,607,99,202,99,1113,15,NA,NA,NA,NA
11/23/20,1038,6,47216,293,55636,1235,626,110,182,105,1130,17,NA,NA,NA,NA
11/24/20,1052,14,47345,129,56722,1086,602,104,188,99,1147,17,NA,NA,NA,NA
11/25/20,1069,17,47854,509,57505,783,597,97,198,88,1162,15,NA,NA,NA,NA
11/26/20,1076,7,49226,1372,57592,87,582,102,207,91,1178,16,NA,NA,NA,NA
11/27/20,1083,7,50081,855,57965,373,573,92,220,90,1197,19,NA,NA,NA,NA
11/28/20,1094,11,50197,116,58255,290,606,102,230,87,1206,9,NA,NA,NA,NA
11/29/20,1106,12,50988,791,58360,105,622,99,222,84,1220,14,NA,NA,NA,NA
11/30/20,1122,16,51647,659,59459,1099,638,100,220,85,1235,15,NA,NA,NA,NA
12/1/20,1144,22,52009,362,60535,1076,638,98,204,88,1255,20,NA,NA,NA,NA
12/2/20,1155,11,52349,340,61630,1095,628,97,208,106,1268,13,NA,NA,NA,NA
12/3/20,1173,18,52784,435,62634,1004,651,91,198,108,1281,13,NA,NA,NA,NA
12/4/20,1185,12,53633,849,63586,952,640,102,197,104,1294,13,NA,NA,NA,NA
12/5/20,1192,7,54756,1123,63940,354,631,107,212,102,1310,16,NA,NA,NA,NA
12/6/20,1203,11,55680,924,64039,99,618,106,219,88,1328,18,NA,NA,NA,NA
12/7/20,1206,3,56242,562,65003,964,618,104,206,108,1346,18,NA,NA,NA,NA
12/8/20,1219,13,56674,432,65892,889,637,95,211,105,1365,19,NA,NA,NA,NA
12/9/20,1238,19,57096,422,66727,835,657,99,194,106,1378,13,NA,NA,NA,NA
12/10/20,1249,11,58629,1533,67619,892,649,109,189,111,1390,12,NA,NA,NA,NA
12/11/20,1266,17,59292,663,68428,809,646,104,198,118,1409,19,NA,NA,NA,NA
12/12/20,1272,6,59842,550,68760,332,620,96,195,107,1426,17,NA,NA,NA,NA
12/13/20,1282,10,60348,506,68836,76,609,101,217,105,1443,17,NA,NA,NA,NA
12/14/20,1294,12,60668,320,69667,831,583,96,233,101,1461,18,NA,NA,NA,NA
12/15/20,1312,18,60792,124,70459,792,593,98,211,96,1476,15,NA,NA,NA,NA
12/16/20,1323,11,61783,991,71162,703,602,99,201,100,1491,15,NA,NA,NA,NA
12/17/20,1333,10,63075,1292,71848,686,575,97,212,96,1503,12,NA,NA,NA,NA
12/18/20,1342,9,64182,1107,72499,651,558,97,208,106,1523,20,NA,NA,NA,NA
12/19/20,1368,26,64697,515,72778,279,540,94,214,101,1534,11,NA,NA,NA,NA
12/20/20,1382,14,65064,367,72834,56,520,94,228,104,1547,13,NA,NA,NA,NA
12/21/20,1391,9,66067,1003,73530,696,535,93,246,97,1559,12,NA,NA,NA,NA
12/22/20,1408,17,66583,516,74109,579,537,86,223,87,1573,14,NA,NA,NA,NA
12/23/20,1423,15,66871,288,74623,514,534,90,218,88,1584,11,NA,NA,NA,NA
12/24/20,1432,9,67426,555,74838,215,475,87,231,90,1598,14,NA,NA,NA,NA
12/25/20,1432,0,68461,1035,74875,37,451,82,251,80,1609,11,NA,NA,NA,NA
12/26/20,1445,13,69265,804,75021,146,445,88,248,85,1625,16,NA,NA,NA,NA
12/27/20,1456,11,69661,396,75084,63,447,80,261,93,1644,19,NA,NA,NA,NA
12/28/20,1460,4,71262,1601,75782,698,462,77,261,71,1649,5,NA,NA,NA,NA
12/29/20,1484,24,71342,80,76484,702,450,80,252,70,1661,12,NA,NA,NA,NA
12/30/20,1503,19,71650,308,77072,588,440,78,257,70,1671,10,NA,NA,NA,NA
12/31/20,1521,18,72327,677,77450,378,432,76,247,70,1678,7,NA,NA,NA,NA
1/1/21,1526,5,73162,835,77489,39,391,73,247,72,1687,9,NA,NA,NA,NA
1/2/21,1545,19,73399,237,77641,152,415,74,235,72,1694,7,NA,NA,NA,NA
1/3/21,1555,10,73957,558,77688,47,421,77,237,74,1701,7,NA,NA,NA,NA
1/4/21,1562,7,74458,501,78359,671,423,69,214,74,1706,5,NA,NA,NA,NA
1/5/21,1570,8,74756,298,78941,582,417,64,235,73,1722,16,NA,NA,NA,NA
1/6/21,1588,18,74967,211,78998,57,411,69,231,73,1736,14,NA,NA,NA,NA
1/7/21,1592,4,76726,1759,79733,735,414,76,236,77,1751,15,NA,NA,NA,NA
1/8/21,1616,24,77280,554,80347,614,420,75,228,76,1761,10,NA,NA,NA,NA
1/9/21,1630,14,77630,350,80595,248,402,65,241,71,1772,11,NA,NA,NA,NA
1/10/21,1642,12,77927,297,80665,70,392,69,236,73,1778,6,NA,NA,NA,NA
1/11/21,1645,3,78815,888,81371,706,390,76,224,73,1785,7,NA,NA,NA,NA
1/12/21,1659,14,79006,191,81950,579,388,60,248,73,1796,11,NA,NA,NA,NA
1/13/21,1679,20,79114,108,82586,636,407,51,249,61,1809,13,NA,NA,NA,NA
1/14/21,1692,13,80111,997,83115,529,382,50,248,60,1813,4,NA,NA,NA,NA
1/15/21,1703,11,80590,479,83696,581,377,53,227,57,1822,9,NA,NA,NA,NA
1/16/21,1703,0,81394,804,83956,260,363,53,229,53,1830,8,NA,NA,NA,NA
1/17/21,1703,0,81855,461,84004,48,348,60,262,53,1841,11,NA,NA,NA,NA
1/18/21,1703,0,82259,404,84423,419,351,46,229,49,1848,7,NA,NA,NA,NA
1/19/21,1717,14,82378,119,84968,545,331,47,212,52,1853,5,NA,NA,NA,NA
1/20/21,1732,15,82540,162,85466,498,344,59,209,52,1861,8,327950,147795,120250,26627
1/21/21,1761,29,82990,450,85952,486,341,56,195,53,1866,5,337350,161528,128284,32181
1/22/21,1771,10,83670,680,86374,422,325,54,203,46,1871,5,371550,173242,136400,35705
1/23/21,1773,2,84578,908,86536,162,310,50,213,43,1877,6,371550,184173,143910,39016
1/24/21,1778,5,85114,536,86559,23,312,56,206,41,1881,4,371550,187617,146984,39384
1/25/21,1783,5,85551,437,87016,457,312,54,219,43,1888,7,416900,188681,147910,39522
1/26/21,1794,11,85694,143,87392,376,301,50,223,35,1896,8,506425,199762,156071,42437
1/27/21,1801,7,85954,260,87741,349,293,55,208,37,1905,9,525000,212179,165862,45057
1/28/21,1812,11,86302,348,88040,299,280,54,216,36,1915,10,530850,224303,174840,48196
1/29/21,1823,11,86713,411,88334,294,279,57,190,38,1923,8,530950,236060,183630,51159
1/30/21,1829,6,86891,178,88445,111,285,50,202,40,1930,7,530950,249394,193842,54276
1/31/21,1836,7,87440,549,88461,16,282,55,211,40,1933,3,530950,253439,197187,54972
2/1/21,1846,10,87665,225,88788,327,298,57,215,41,1940,7,535525,253439,197187,54972
2/2/21,1853,7,87749,84,89096,308,307,54,192,34,1947,7,605425,266671,206430,58951
2/3/21,1861,8,88060,311,89340,244,270,44,188,30,1956,9,621025,278321,214661,62336
2/4/21,1867,6,88119,59,89609,269,278,51,187,34,1961,5,623325,288024,221431,65261
2/5/21,1872,5,88352,233,89898,289,265,42,194,38,1967,6,624025,299694,229133,69224
2/6/21,1883,11,88810,458,90008,110,258,37,204,37,1974,7,624025,299694,229133,69224
2/7/21,1888,5,89053,243,90027,19,263,47,202,44,1976,2,624025,299694,229133,69224
2/8/21,1893,5,89242,189,90304,277,249,39,207,38,1980,4,630850,314047,236880,75814
2/9/21,1897,4,89312,70,90547,243,251,44,181,43,1985,5,651350,324368,242200,80807
2/10/21,1902,5,89414,102,90809,262,261,47,184,47,1993,8,706500,336959,248934,86660
2/11/21,1907,5,89636,222,91029,220,240,45,187,45,1997,4,706600,336959,248934,86660
2/12/21,1915,8,89957,321,91227,198,213,45,194,45,2003,6,706800,370837,266635,102807
2/13/21,1915,0,90226,269,91301,74,216,50,177,46,2005,2,706800,382721,272485,108793
2/14/21,1920,5,90429,203,91319,18,209,48,183,42,2014,9,NA,NA,NA,NA
2/15/21,1924,4,90881,452,91438,119,220,42,177,36,2016,2,716800,387180,274733,111002
2/16/21,1930,6,90989,108,91717,279,241,44,151,42,2020,4,716800,392136,277616,113075
2/17/21,1940,10,91047,58,91915,198,233,45,176,45,2024,4,733200,408058,284163,122443
2/18/21,1947,7,91149,102,92071,156,214,45,204,38,2029,5,764700,448755,308150,139129
2/19/21,1957,10,91324,175,92255,184,215,39,207,37,2032,3,806625,463527,314053,147986
2/20/21,1979,22,91527,203,92309,54,217,44,203,37,2034,2,806625,476475,320383,154598
2/21/21,1983,4,91680,153,92320,11,233,41,248,34,2038,4,806625,476647,320423,154730
2/22/21,1986,3,91816,136,92535,215,225,43,262,39,2038,0,813170,480439,323481,156649
2/23/21,2007,21,91834,18,92714,179,242,46,201,38,2045,7,922600,495114,330605,164396
2/24/21,2016,9,91919,85,92890,176,184,34,220,28,2054,9,971910,510041,337907,172064
2/25/21,2023,7,92128,209,93060,170,169,27,214,24,2057,3,995210,536377,350005,186418
2/26/21,2032,9,92262,134,93314,254,174,30,217,19,2059,2,1036820,538085,350719,187392
2/27/21,2036,4,92469,207,93372,58,150,25,235,20,2060,1,1036820,549615,355184,194630
2/28/21,2037,1,92708,239,93383,11,155,23,239,23,2064,4,1036820,554664,358469,196337
3/1/21,2040,3,92834,126,93601,218,162,23,218,24,2067,3,1056070,554694,358509,196435
3/2/21,2048,8,92856,22,93792,191,169,33,199,25,2068,1,1135850,568025,365553,202838
3/3/21,2053,5,92939,83,93979,187,171,23,189,19,2071,3,1172550,595224,379937,216638
3/4/21,2056,3,93114,175,94120,141,136,23,185,18,2073,2,1230670,596130,379836,216953
3/5/21,2059,3,93336,222,94276,156,147,24,198,18,2075,2,NA,NA,NA,NA
3/6/21,2062,3,93620,284,94322,46,125,21,199,19,2078,3,1250670,628400,399427,229815
3/7/21,2065,3,93783,163,94334,12,127,20,222,21,2081,3,1250670,633344,402670,231579
3/8/21,2066,1,93893,110,94496,162,126,16,211,15,2085,4,1256170,635352,404145,232141
3/9/21,2067,1,93951,58,94669,173,138,18,188,19,2087,2,1343520,674636,427506,248683
3/10/21,2071,4,93983,32,94825,156,136,18,190,19,2088,1,1377520,675568,428103,249152
3/11/21,2073,2,94336,353,95004,179,138,18,185,19,2088,0,1420220,698082,440880,259324
3/12/21,2077,4,94456,120,95170,166,155,22,184,21,2089,1,1439770,748875,473335,279724
3/13/21,2077,0,94642,186,95233,63,131,20,205,17,2091,2,1439770,748875,473423,279836
3/14/21,2080,3,94790,148,95246,13,126,18,228,17,2091,0,1439970,748982,473540,279934
3/15/21,2081,1,94974,184,95510,264,132,21,221,21,2094,3,1453840,764943,485504,284522
3/16/21,2083,2,95032,58,95766,256,130,18,208,18,2096,2,1508690,788188,499268,295034
3/17/21,2085,2,95063,31,96017,251,131,16,198,17,2098,2,1528090,814157,516877,304183
3/18/21,2089,4,95328,265,96253,236,119,17,194,21,2105,7,1624800,839948,535207,312391
3/19/21,2092,3,95477,149,96479,226,130,15,217,19,2107,2,1650130,863265,551935,319519
3/20/21,2096,4,95762,285,96589,110,120,17,219,22,2110,3,1650130,886400,567468,327489
3/21/21,2096,0,95967,205,96616,27,122,19,216,23,2111,1,1650130,896153,576006,331874
3/22/21,2098,2,96140,173,96825,209,124,15,220,21,2113,2,1650930,902839,582434,333016
3/23/21,2100,2,96252,112,97159,334,155,18,215,18,2115,2,1708790,920753,596224,339041
3/24/21,2103,3,96293,41,97452,293,168,23,221,19,2117,2,1765270,952499,618414,351547
3/25/21,2106,3,96443,150,97719,267,165,25,204,20,2119,2,1842040,981193,638308,362425
3/26/21,2109,3,96732,289,98051,332,163,29,191,22,2122,3,1882480,1015714,662790,374507
3/27/21,2112,3,96969,237,98232,181,171,30,208,21,2122,0,1882480,1044040,679657,386795
3/28/21,2112,0,97282,313,98287,55,187,33,216,23,2124,2,1882480,1055993,687175,392056
3/29/21,2112,0,97615,333,98854,567,201,39,220,26,2125,1,1893570,1062627,692863,393521
3/30/21,2113,1,97713,98,99331,477,212,42,224,28,2127,2,2010390,1088065,708489,404691
3/31/21,2118,5,97966,253,99899,568,219,43,221,27,2132,5,2068490,1114680,725926,415027
4/1/21,2121,3,98294,328,100263,364,229,43,238,28,2137,5,2086370,1148177,746318,433407
4/2/21,2126,5,98917,623,100329,66,228,43,242,27,2140,3,2086370,1167735,759017,441027
4/3/21,2126,0,99387,470,100475,146,228,56,233,30,2144,4,2102750,1171342,761752,442492
4/4/21,2131,5,99693,306,100559,84,246,56,228,31,2148,4,2102750,1178233,767642,443903
4/5/21,2136,5,99780,87,101749,1190,269,61,225,37,2150,2,2158120,1182856,769770,446628
4/6/21,2139,3,99847,67,102622,873,297,63,220,36,2153,3,2188390,1205841,783425,457252
4/7/21,2141,2,100079,232,103442,820,313,63,223,38,2158,5,2309060,1225223,796201,464881
4/8/21,2146,5,100752,673,104491,1049,321,60,230,30,2161,3,2411390,1243126,807713,472472
4/9/21,2152,6,101752,1000,105562,1071,322,67,219,35,2166,5,2426730,1276169,827538,489472
4/10/21,2154,2,102432,680,105962,400,367,73,218,44,2172,6,2426730,1311597,847783,506765
4/11/21,2155,1,103188,756,106058,96,364,72,208,43,2178,6,2426730,1348411,871637,521776
4/12/21,2162,7,103957,769,107263,1205,385,81,212,55,2182,4,2477420,1365025,880999,531501
4/13/21,2174,12,104799,842,108193,930,403,87,199,52,2191,9,2539250,1391068,896839,545761
4/14/21,2182,8,105020,221,109186,993,418,94,201,60,2198,7,2577250,1468663,950431,576945
4/15/21,2185,3,105758,738,110284,1098,447,94,211,60,2202,4,2670230,1502691,970386,593407
4/16/21,2194,9,107056,1298,111143,859,454,92,203,60,2216,14,2704620,1530532,985938,604384
4/17/21,2200,6,107884,828,111444,301,463,92,203,65,2227,11,2704620,1561390,1001449,624517
4/18/21,2207,7,108864,980,111519,75,476,89,214,60,2236,9,2704620,1575468,1010316,631793
4/19/21,2213,6,109695,831,112530,1011,483,94,215,67,2242,6,2720210,1585232,1015128,637466
4/20/21,2224,11,110113,418,113371,841,500,110,184,70,2257,15,2804240,1614950,1032452,653437
4/21/21,2238,14,110500,387,114152,781,503,104,190,71,2262,5,2853480,1653249,1056179,671118
4/22/21,2246,8,111348,848,114850,698,497,99,190,69,2269,7,2934840,1690128,1077545,688069
4/23/21,2263,17,112294,946,115468,618,501,100,190,70,2280,11,2970670,1730947,1101867,706256
4/24/21,2264,1,113204,910,115671,203,507,103,196,69,2284,4,2970670,1759828,1118574,720029
4/25/21,2265,1,113861,657,115726,55,499,111,204,75,2291,7,2970670,1772977,1125923,726309
4/26/21,2279,14,114577,716,116390,664,520,102,203,66,2304,13,2992360,1780310,1128983,731040
4/27/21,2285,6,114852,275,116916,526,480,99,218,66,2309,5,3099480,1815136,1151270,754420
4/28/21,2296,11,115094,242,117329,413,459,100,212,70,2319,10,3152720,1850881,1173182,760772
4/29/21,2303,7,115754,660,117784,455,443,92,209,61,2325,6,3175510,1885594,1193147,777089
4/30/21,2310,7,116180,426,118247,463,417,95,192,72,2331,6,3180310,1923810,1215918,794121
5/1/21,2313,3,116781,601,118397,150,369,84,191,69,2336,5,3180310,1958729,1235300,810340
5/2/21,2315,2,117225,444,118424,27,360,97,193,71,2341,5,3180310,1968716,1241095,814971
5/3/21,2323,8,117690,465,118805,381,360,90,185,69,2355,14,3242340,1974000,1242762,818701
5/4/21,2337,14,117881,191,119124,319,341,94,182,69,2362,7,3330200,2006360,1261208,833599
5/5/21,2348,11,117974,93,119410,286,314,90,175,72,2371,9,3356980,2042436,1280020,852404
5/6/21,2355,7,118455,481,119689,279,309,88,177,68,2380,9,3447080,2083637,1303673,871559
5/7/21,2367,12,118857,402,119900,211,297,93,158,72,2383,3,3477130,2137177,1338795,890295
5/8/21,2372,5,119206,349,119970,70,288,85,158,65,2392,9,3477130,2174111,1356681,910256
5/9/21,2374,2,119494,288,119989,19,283,81,163,61,2403,11,3477130,2195731,1373117,915787
5/10/21,2384,10,119627,133,120228,239,271,84,151,62,2410,7,3496780,2204479,1380133,918089
5/11/21,2395,11,119674,47,120418,190,256,79,143,59,2418,8,3541790,2233876,1394045,934184
5/12/21,2412,17,119749,75,120613,195,255,80,156,57,2429,11,3611970,2265054,1408609,951310
5/13/21,2421,9,120061,312,120777,164,244,70,170,52,2436,7,3662730,2296608,1422790,968908
5/14/21,2431,10,120255,194,120927,150,218,64,163,45,2441,5,3673280,2331388,1438869,988641
5/15/21,2435,4,120460,205,120984,57,213,60,165,43,2446,5,3673280,2365256,1455245,1007048
5/16/21,2438,3,120725,265,120992,8,195,49,178,37,2453,7,3673280,2365696,1455368,1007674
5/17/21,2445,7,120808,83,121154,162,206,56,188,41,2455,2,3733410,2370464,1457782,1010147
5/18/21,2452,7,120831,23,121292,138,214,56,186,41,2462,7,3750930,2396739,1471345,1023980
5/19/21,2461,9,120883,52,121454,162,187,51,176,38,2470,8,3769070,2432019,1488120,1043268
5/20/21,2466,5,121047,164,121550,96,167,43,177,32,2473,3,3798800,2461308,1502202,1059589
5/21/21,2471,5,121199,152,121657,107,165,44,176,31,2479,6,3805910,2461821,1502362,1060100
5/22/21,2472,1,121330,131,121694,37,153,43,181,31,2483,4,3805910,2492007,1515163,1077768
5/23/21,2474,2,121512,182,121699,5,162,43,203,33,2486,3,3805910,2502592,1520687,1082939
5/24/21,2480,6,121572,60,121824,125,148,39,210,30,2490,4,3830230,2507745,1523696,1085175
5/25/21,2483,3,121581,9,121907,83,138,37,194,30,2492,2,3830570,2599775,1573370,1128402
5/26/21,2489,6,121668,87,121972,65,125,36,202,27,2497,5,3846250,2631756,1589075,1145271
5/27/21,2495,6,121775,107,122049,77,98,32,225,25,2498,1,3855370,2655465,1600368,1158419
5/28/21,2499,4,121878,103,122096,47,92,30,212,24,2502,4,3858830,2673941,1609178,1168773
5/29/21,2501,2,121955,77,122112,16,92,29,214,23,2503,1,3858830,2700673,1621909,1183285
5/30/21,2502,1,122040,85,122113,1,76,28,209,22,2509,6,NA,NA,NA,NA
5/31/21,2505,3,122089,49,122117,4,70,28,207,16,2512,3,3858830,2713297,1628639,1189594
6/1/21,2509,3,122097,8,NA,NA,82,24,212,14,2514,2,3858830,2721924,1632863,1194121
6/2/21,2512,3,122117,20,NA,NA,75,23,205,15,2515,1,3869070,2740418,1641509,1204529
6/3/21,2515,3,122166,49,NA,NA,75,21,202,14,NA,NA,NA,NA,NA,NA